{
  "run_id": "run_2026_01_24_001",
  "timestamp": "2026-01-24T07:37:14.335947",
  "metrics": {
    "greeting": {
      "calls": 1,
      "prompt_tokens": 42,
      "completion_tokens": 66,
      "latency_s": 6.607696533203125,
      "retries": 0
    }
  }
}